{"cameraMode":{"drawMode":0,"name":"Shaded","section":"Shading Mode"},"sceneLighting":true,"audioPlay":false,"sceneViewState":{"showFog":false,"showMaterialUpdate":false,"showSkybox":true,"showFlares":false,"showImageEffects":false,"showParticleSystems":false},"in2DMode":false,"pivot":{"x":-0.06491409242153168,"y":6.201289176940918,"z":-0.027799606323242189},"rotation":{"x":0.01702386699616909,"y":-0.9829335808753967,"z":0.12450894713401795,"w":0.13440634310245515},"size":0.45980966091156008,"orthographic":false}