{"cameraMode":{"drawMode":0,"name":"Shaded","section":"Shading Mode"},"sceneLighting":false,"audioPlay":false,"sceneViewState":{"showFog":false,"showMaterialUpdate":false,"showSkybox":false,"showFlares":false,"showImageEffects":false,"showParticleSystems":false},"in2DMode":false,"pivot":{"x":-1.050394058227539,"y":5.876449108123779,"z":-1.2996625900268555},"rotation":{"x":0.028932418674230577,"y":-0.9283379316329956,"z":0.0739583745598793,"w":0.36316704750061037},"size":3.258389711380005,"orthographic":false}