{"cameraMode":{"drawMode":0,"name":"Shaded","section":"Shading Mode"},"sceneLighting":false,"audioPlay":false,"sceneViewState":{"showFog":false,"showMaterialUpdate":false,"showSkybox":false,"showFlares":false,"showImageEffects":false,"showParticleSystems":false},"in2DMode":false,"pivot":{"x":-1.2899038791656495,"y":1.674207091331482,"z":1.2859549522399903},"rotation":{"x":0.018808744847774507,"y":-0.9811317324638367,"z":0.14226672053337098,"w":0.12967225909233094},"size":0.987618088722229,"orthographic":false}