{"cameraMode":{"drawMode":0,"name":"Shaded","section":"Shading Mode"},"sceneLighting":true,"audioPlay":false,"sceneViewState":{"showFog":false,"showMaterialUpdate":false,"showSkybox":false,"showFlares":false,"showImageEffects":false,"showParticleSystems":false},"in2DMode":false,"pivot":{"x":-0.35346806049346926,"y":0.8452718257904053,"z":0.273994505405426},"rotation":{"x":0.12180846929550171,"y":-0.6469671726226807,"z":0.10573037713766098,"w":0.7452902793884277},"size":2.268760919570923,"orthographic":false}