{"cameraMode":{"drawMode":0,"name":"Shaded","section":"Shading Mode"},"sceneLighting":false,"audioPlay":false,"sceneViewState":{"showFog":false,"showMaterialUpdate":false,"showSkybox":false,"showFlares":false,"showImageEffects":false,"showParticleSystems":false},"in2DMode":false,"pivot":{"x":-1.5375174283981324,"y":0.28497985005378725,"z":1.6405234336853028},"rotation":{"x":-0.023319676518440248,"y":-0.9154033064842224,"z":-0.05361590534448624,"w":0.3983045518398285},"size":0.5438021421432495,"orthographic":false}