{"cameraMode":{"drawMode":0,"name":"Shaded","section":"Shading Mode"},"sceneLighting":false,"audioPlay":false,"sceneViewState":{"showFog":false,"showMaterialUpdate":false,"showSkybox":false,"showFlares":false,"showImageEffects":false,"showParticleSystems":false},"in2DMode":false,"pivot":{"x":-4.321897029876709,"y":6.211377143859863,"z":0.1508321762084961},"rotation":{"x":0.04240328073501587,"y":-0.91617351770401,"z":0.10072067379951477,"w":0.38562992215156557},"size":6.395938396453857,"orthographic":false}