{"cameraMode":{"drawMode":0,"name":"Shaded","section":"Shading Mode"},"sceneLighting":false,"audioPlay":false,"sceneViewState":{"showFog":false,"showMaterialUpdate":false,"showSkybox":false,"showFlares":false,"showImageEffects":false,"showParticleSystems":false},"in2DMode":false,"pivot":{"x":-0.0036067962646484377,"y":4.880285263061523,"z":-0.18499720096588136},"rotation":{"x":0.04721970483660698,"y":-0.9209905862808228,"z":0.118063785135746,"w":0.368287056684494},"size":7.0116424560546879,"orthographic":false}