{"cameraMode":{"drawMode":0,"name":"Shaded","section":"Shading Mode"},"sceneLighting":false,"audioPlay":false,"sceneViewState":{"showFog":false,"showMaterialUpdate":false,"showSkybox":false,"showFlares":false,"showImageEffects":false,"showParticleSystems":false},"in2DMode":false,"pivot":{"x":-1.3350000381469727,"y":0.4869741201400757,"z":1.820000171661377},"rotation":{"x":0.018808744847774507,"y":-0.9811317324638367,"z":0.14226672053337098,"w":0.12967225909233094},"size":0.8438021540641785,"orthographic":false}