{"cameraMode":{"drawMode":0,"name":"Shaded","section":"Shading Mode"},"sceneLighting":false,"audioPlay":false,"sceneViewState":{"showFog":false,"showMaterialUpdate":false,"showSkybox":false,"showFlares":false,"showImageEffects":false,"showParticleSystems":false},"in2DMode":false,"pivot":{"x":-0.21533024311065675,"y":-1.6355445384979249,"z":0.4971652030944824},"rotation":{"x":0.01702386699616909,"y":-0.9829335808753967,"z":0.12450894713401795,"w":0.13440634310245515},"size":2.1000173091888429,"orthographic":false}