{"cameraMode":{"drawMode":0,"name":"Shaded","section":"Shading Mode"},"sceneLighting":false,"audioPlay":false,"sceneViewState":{"showFog":false,"showMaterialUpdate":false,"showSkybox":false,"showFlares":false,"showImageEffects":false,"showParticleSystems":false},"in2DMode":false,"pivot":{"x":-0.30928662419319155,"y":5.738166332244873,"z":-3.352146625518799},"rotation":{"x":0.0008480295655317605,"y":-0.9991756677627564,"z":0.028483660891652108,"w":0.029388777911663057},"size":2.4959373474121095,"orthographic":false}