{"cameraMode":{"drawMode":0,"name":"Shaded","section":"Shading Mode"},"sceneLighting":false,"audioPlay":false,"sceneViewState":{"showFog":false,"showMaterialUpdate":false,"showSkybox":false,"showFlares":false,"showImageEffects":false,"showParticleSystems":false},"in2DMode":false,"pivot":{"x":-3.1454477310180666,"y":0.5822865962982178,"z":-0.25797536969184878},"rotation":{"x":-0.0038389703258872034,"y":-0.9584825038909912,"z":-0.012942682020366192,"w":0.28488120436668398},"size":0.4338260889053345,"orthographic":false}