{"cameraMode":{"drawMode":0,"name":"Shaded","section":"Shading Mode"},"sceneLighting":false,"audioPlay":false,"sceneViewState":{"showFog":false,"showMaterialUpdate":false,"showSkybox":false,"showFlares":false,"showImageEffects":false,"showParticleSystems":false},"in2DMode":false,"pivot":{"x":-0.4264647960662842,"y":7.648948669433594,"z":0.33568549156188967},"rotation":{"x":0.06281255185604096,"y":-0.8738389015197754,"z":0.11735278367996216,"w":0.4676723778247833},"size":2.0554842948913576,"orthographic":false}