{"cameraMode":{"drawMode":0,"name":"Shaded","section":"Shading Mode"},"sceneLighting":false,"audioPlay":false,"sceneViewState":{"showFog":false,"showMaterialUpdate":false,"showSkybox":false,"showFlares":false,"showImageEffects":false,"showParticleSystems":false},"in2DMode":false,"pivot":{"x":-3.6475062370300295,"y":0.0396135076880455,"z":-0.0026336312294006349},"rotation":{"x":0.018808744847774507,"y":-0.9811317324638367,"z":0.14226672053337098,"w":0.12967225909233094},"size":0.9974939227104187,"orthographic":false}