{"cameraMode":{"drawMode":0,"name":"Shaded","section":"Shading Mode"},"sceneLighting":false,"audioPlay":false,"sceneViewState":{"showFog":false,"showMaterialUpdate":false,"showSkybox":false,"showFlares":false,"showImageEffects":false,"showParticleSystems":false},"in2DMode":false,"pivot":{"x":8.146774291992188,"y":4.881180763244629,"z":-0.18854695558547975},"rotation":{"x":0.04721970483660698,"y":-0.9209905862808228,"z":0.118063785135746,"w":0.368287056684494},"size":7.0092549324035648,"orthographic":false}