{"cameraMode":{"drawMode":0,"name":"Shaded","section":"Shading Mode"},"sceneLighting":false,"audioPlay":false,"sceneViewState":{"showFog":false,"showMaterialUpdate":false,"showSkybox":false,"showFlares":false,"showImageEffects":false,"showParticleSystems":false},"in2DMode":false,"pivot":{"x":-3.2120137214660646,"y":0.8941022157669067,"z":-0.16632091999053956},"rotation":{"x":0.018808744847774507,"y":-0.9811317324638367,"z":0.14226672053337098,"w":0.12967225909233094},"size":1.6338261365890504,"orthographic":false}