{"cameraMode":{"drawMode":0,"name":"Shaded","section":"Shading Mode"},"sceneLighting":false,"audioPlay":false,"sceneViewState":{"showFog":false,"showMaterialUpdate":false,"showSkybox":false,"showFlares":false,"showImageEffects":false,"showParticleSystems":false},"in2DMode":false,"pivot":{"x":3.9002456665039064,"y":-0.12047892808914185,"z":0.4431757926940918},"rotation":{"x":0.05239780619740486,"y":-0.6988275647163391,"z":0.05145018920302391,"w":0.7115300297737122},"size":0.28220370411872866,"orthographic":false}