{"cameraMode":{"drawMode":0,"name":"Shaded","section":"Shading Mode"},"sceneLighting":false,"audioPlay":false,"sceneViewState":{"showFog":false,"showMaterialUpdate":false,"showSkybox":false,"showFlares":false,"showImageEffects":false,"showParticleSystems":false},"in2DMode":false,"pivot":{"x":0.008378028869628907,"y":4.880573749542236,"z":-0.1847168207168579},"rotation":{"x":0.05747589096426964,"y":-0.8155782222747803,"z":0.08223781734704972,"w":0.5699065327644348},"size":7.014472961425781,"orthographic":false}