{"cameraMode":{"drawMode":0,"name":"Shaded","section":"Shading Mode"},"sceneLighting":false,"audioPlay":false,"sceneViewState":{"showFog":false,"showMaterialUpdate":false,"showSkybox":false,"showFlares":false,"showImageEffects":false,"showParticleSystems":false},"in2DMode":false,"pivot":{"x":0.20349669456481934,"y":-1.0932655334472657,"z":0.23549985885620118},"rotation":{"x":0.01702386699616909,"y":-0.9829335808753967,"z":0.12450894713401795,"w":0.13440634310245515},"size":1.5000174045562745,"orthographic":false}