{"cameraMode":{"drawMode":0,"name":"Shaded","section":"Shading Mode"},"sceneLighting":false,"audioPlay":false,"sceneViewState":{"showFog":false,"showMaterialUpdate":false,"showSkybox":false,"showFlares":false,"showImageEffects":false,"showParticleSystems":false},"in2DMode":false,"pivot":{"x":-3.3697447776794435,"y":0.45620518922805788,"z":-0.27145734429359438},"rotation":{"x":0.041819702833890918,"y":-0.8412818908691406,"z":0.06574904173612595,"w":0.5349776744842529},"size":0.49949872493743899,"orthographic":false}