{"cameraMode":{"drawMode":0,"name":"Shaded","section":"Shading Mode"},"sceneLighting":false,"audioPlay":false,"sceneViewState":{"showFog":false,"showMaterialUpdate":false,"showSkybox":false,"showFlares":false,"showImageEffects":false,"showParticleSystems":false},"in2DMode":false,"pivot":{"x":0.07143789529800415,"y":7.60928201675415,"z":-2.0674054622650148},"rotation":{"x":-0.0024273283779621126,"y":-0.9924413561820984,"z":0.12117880582809448,"w":-0.019946690648794175},"size":2.3745813369750978,"orthographic":false}