{"cameraMode":{"drawMode":0,"name":"Shaded","section":"Shading Mode"},"sceneLighting":false,"audioPlay":false,"sceneViewState":{"showFog":false,"showMaterialUpdate":false,"showSkybox":false,"showFlares":false,"showImageEffects":false,"showParticleSystems":false},"in2DMode":false,"pivot":{"x":-5.308389186859131,"y":0.45787513256073,"z":-1.6125305891036988},"rotation":{"x":0.06707824766635895,"y":-0.8310215473175049,"z":0.10273142158985138,"w":0.5425662994384766},"size":0.7541481852531433,"orthographic":false}