{"cameraMode":{"drawMode":0,"name":"Shaded","section":"Shading Mode"},"sceneLighting":true,"audioPlay":false,"sceneViewState":{"showFog":false,"showMaterialUpdate":false,"showSkybox":true,"showFlares":false,"showImageEffects":false,"showParticleSystems":false},"in2DMode":false,"pivot":{"x":-0.27434277534484866,"y":7.162886619567871,"z":-1.0867867469787598},"rotation":{"x":0.0007552952156402171,"y":0.9979465007781982,"z":-0.0629543736577034,"w":0.011976527981460095},"size":1.8694669008255005,"orthographic":true}