{"cameraMode":{"drawMode":0,"name":"Shaded","section":"Shading Mode"},"sceneLighting":false,"audioPlay":false,"sceneViewState":{"showFog":false,"showMaterialUpdate":false,"showSkybox":false,"showFlares":false,"showImageEffects":false,"showParticleSystems":false},"in2DMode":false,"pivot":{"x":-2.295821189880371,"y":7.384156227111816,"z":0.7075300216674805},"rotation":{"x":0.05747589096426964,"y":-0.8155782222747803,"z":0.08223781734704972,"w":0.5699065327644348},"size":4.127861022949219,"orthographic":false}