{"cameraMode":{"drawMode":0,"name":"Shaded","section":"Shading Mode"},"sceneLighting":false,"audioPlay":false,"sceneViewState":{"showFog":false,"showMaterialUpdate":false,"showSkybox":false,"showFlares":false,"showImageEffects":false,"showParticleSystems":false},"in2DMode":false,"pivot":{"x":-0.014822214841842652,"y":1.4901161193847657e-8,"z":0.041203949600458148},"rotation":{"x":0.018808744847774507,"y":-0.9811317324638367,"z":0.14226672053337098,"w":0.12967225909233094},"size":0.15786920487880708,"orthographic":false}