{"cameraMode":{"drawMode":0,"name":"Shaded","section":"Shading Mode"},"sceneLighting":false,"audioPlay":false,"sceneViewState":{"showFog":false,"showMaterialUpdate":false,"showSkybox":false,"showFlares":false,"showImageEffects":false,"showParticleSystems":false},"in2DMode":false,"pivot":{"x":1.314267873764038,"y":7.276333808898926,"z":-1.241081953048706},"rotation":{"x":-0.13260683417320252,"y":-0.8314106464385986,"z":0.22474227845668794,"w":-0.4906030595302582},"size":2.65417218208313,"orthographic":false}