{"cameraMode":{"drawMode":0,"name":"Shaded","section":"Shading Mode"},"sceneLighting":true,"audioPlay":false,"sceneViewState":{"showFog":false,"showMaterialUpdate":false,"showSkybox":true,"showFlares":false,"showImageEffects":false,"showParticleSystems":false},"in2DMode":false,"pivot":{"x":-2.359999895095825,"y":10.890000343322754,"z":8.84000015258789},"rotation":{"x":0.2122523933649063,"y":0.07379887253046036,"z":-0.016073884442448617,"w":0.9742998480796814},"size":10.0,"orthographic":false}