{"cameraMode":{"drawMode":0,"name":"Shaded","section":"Shading Mode"},"sceneLighting":false,"audioPlay":false,"sceneViewState":{"showFog":true,"showMaterialUpdate":false,"showSkybox":false,"showFlares":true,"showImageEffects":true,"showParticleSystems":true},"in2DMode":false,"pivot":{"x":2.2648234367370607,"y":0.16772377490997315,"z":0.024085402488708497},"rotation":{"x":0.012196498923003674,"y":0.9838902354240418,"z":-0.1623150110244751,"w":0.07393043488264084},"size":0.5216899514198303,"orthographic":false}